单号,area,weight,date,cp
YT6236279515034,北京 北京市 房山区,2.44,2022-1-5 16:50,TM-廊坊-菜鸟圆通
YT6236270395022,山西省 太原市 万柏林区,4.29,2022-1-5 16:50,TM-廊坊-菜鸟圆通
YT6236279514992,北京 北京市 昌平区,4.29,2022-1-5 16:50,TM-廊坊-菜鸟圆通
YT6236270394966,山西省 晋中市 榆次区,2.29,2022-1-5 16:50,TM-廊坊-菜鸟圆通
YT6236270394883,山西省 晋中市 榆次区,3.29,2022-1-5 16:50,TM-廊坊-菜鸟圆通
YT6236279514846,北京 北京市 房山区,2.44,2022-1-5 16:50,TM-廊坊-菜鸟圆通
YT9922844904700,北京 北京市 通州区,3.29,2022-1-5 15:52,DD-廊坊-多多圆通
YT9923038676302,天津 天津市 南开区,3.29,2022-1-5 13:08,DD-廊坊-多多圆通
YT9923038866272,天津 天津市 南开区,3.29,2022-1-5 13:08,DD-廊坊-多多圆通
YT9923038853467,北京 北京市 海淀区,3.29,2022-1-5 13:08,DD-廊坊-多多圆通
YT9923038848381,北京 北京市 海淀区,3.29,2022-1-5 13:08,DD-廊坊-多多圆通
YT9923038847052,北京 北京市 海淀区,3.29,2022-1-5 13:08,DD-廊坊-多多圆通
YT9923038817043,北京 北京市 海淀区,3.29,2022-1-5 13:08,DD-廊坊-多多圆通
YT9923038816846,北京 北京市 海淀区,3.29,2022-1-5 13:08,DD-廊坊-多多圆通
YT9923038849969,北京 北京市 朝阳区,4.49,2022-1-5 13:08,DD-廊坊-多多圆通
YT9923347951569,河北省 邢台市 信都区,2.2,2022-1-5 13:08,DD-廊坊-多多圆通
YT9923347954677,河北省 邢台市 信都区,2.2,2022-1-5 13:08,DD-廊坊-多多圆通
YT9923347963210,天津 天津市 南开区,2,2022-1-5 13:08,DD-廊坊-多多圆通
YT9923344715558,山西省 太原市 杏花岭区,0.9,2022-1-5 13:08,DD-廊坊-多多圆通
YT9923344717618,山西省 太原市 杏花岭区,2,2022-1-5 13:08,DD-廊坊-多多圆通
YT9923344953950,山西省 长治市 武乡县,2,2022-1-5 13:08,DD-廊坊-多多圆通
YT9923344981375,山西省 长治市 武乡县,2.2,2022-1-5 13:08,DD-廊坊-多多圆通
YT9923344953056,河北省 廊坊市 大厂回族自治县,2.2,2022-1-5 13:08,DD-廊坊-多多圆通
YT9923344953550,河北省 廊坊市 大厂回族自治县,2.2,2022-1-5 13:08,DD-廊坊-多多圆通
YT9923344973794,山西省 运城市 闻喜县,2.1,2022-1-5 13:08,DD-廊坊-多多圆通
YT9923345006651,河北省 邯郸市 曲周县,1,2022-1-5 13:08,DD-廊坊-多多圆通
YT9923345001559,河北省 邯郸市 曲周县,2,2022-1-5 13:08,DD-廊坊-多多圆通
YT9923345015655,天津 天津市 滨海新区,2,2022-1-5 13:08,DD-廊坊-多多圆通
YT9923345031682,天津 天津市 河东区,0.6,2022-1-5 13:08,DD-廊坊-多多圆通
YT9923345021549,天津 天津市 河东区,1,2022-1-5 13:08,DD-廊坊-多多圆通
YT9923345020443,山西省 吕梁市 岚县,2,2022-1-5 13:08,DD-廊坊-多多圆通
YT9923086615296,吉林省 吉林市 船营区,6.29,2022-1-5 15:52,DD-廊坊-多多圆通
YT9923086625590,吉林省 吉林市 船营区,6.29,2022-1-5 15:52,DD-廊坊-多多圆通
YT6235114075100,河北省 承德市 双桥区,2.29,2022-1-5 10:29,TM-廊坊-菜鸟圆通
YT6235114075045,河北省 承德市 双桥区,2.29,2022-1-5 10:29,TM-廊坊-菜鸟圆通
YT6235114074970,河北省 沧州市 孟村回族自治县,4.29,2022-1-5 10:29,TM-廊坊-菜鸟圆通
YT6235114074822,北京 北京市 海淀区,1.29,2022-1-5 10:29,TM-廊坊-菜鸟圆通
YT6235114074743,河北省 承德市 双桥区,2.29,2022-1-5 10:29,TM-廊坊-菜鸟圆通
YT6235114074695,山西省 吕梁市 孝义市,4.29,2022-1-5 10:29,TM-廊坊-菜鸟圆通
YT6235114074592,河北省 邢台市 宁晋县,4.29,2022-1-5 10:29,TM-廊坊-菜鸟圆通
YT6235114074466,山西省 临汾市 曲沃县,3.29,2022-1-5 10:29,TM-廊坊-菜鸟圆通
YT6235114074301,北京 北京市 朝阳区,2.29,2022-1-5 10:29,TM-廊坊-菜鸟圆通
YT9923744633734,河北省 邯郸市 涉县,4.3,2022-1-5 9:28,DD-廊坊-多多圆通
YT9923744633670,河北省 衡水市 阜城县,4.3,2022-1-5 9:28,DD-廊坊-多多圆通
YT6234844623525,山西省 临汾市 乡宁县,1.29,2022-1-5 9:28,TM-廊坊-菜鸟圆通
YT6234844623422,河北省 唐山市 迁西县,0.79,2022-1-5 9:28,TM-廊坊-菜鸟圆通
YT6234844623354,河北省 唐山市 遵化市,1.29,2022-1-5 9:28,TM-廊坊-菜鸟圆通
YT9924193365968,山西省 太原市 杏花岭区,0.79,2022-1-5 9:28,DD-廊坊-多多圆通
YT9924105214434,山西省 晋中市 昔阳县,3.29,2022-1-4 16:48,DD-廊坊-多多圆通
YT9924105217033,山西省 晋中市 昔阳县,3.29,2022-1-4 16:48,DD-廊坊-多多圆通
YT9924105248275,天津 天津市 武清区,3.39,2022-1-4 16:48,DD-廊坊-多多圆通
YT9924105246455,辽宁省 本溪市 明山区,4.29,2022-1-4 16:48,DD-廊坊-多多圆通
YT9924105073464,山西省 运城市 绛县,4.29,2022-1-4 16:48,DD-廊坊-多多圆通
YT9924081896099,黑龙江省 伊春市 伊春区,1.29,2022-1-5 9:28,DD-廊坊-多多圆通
YT6233747376710,山西省 临汾市 襄汾县,1.29,2022-1-4 16:27,TM-廊坊-菜鸟圆通
YT6233747376620,北京 北京市 朝阳区,1.29,2022-1-4 16:27,TM-廊坊-菜鸟圆通
YT6233747376546,北京 北京市 大兴区,2.19,2022-1-4 16:27,TM-廊坊-菜鸟圆通
YT6233747376454,北京 北京市 海淀区,1.29,2022-1-4 16:27,TM-廊坊-菜鸟圆通
YT6233747376374,北京 北京市 朝阳区,2.19,2022-1-4 16:27,TM-廊坊-菜鸟圆通
YT6233736673353,黑龙江省 牡丹江市 爱民区,2.19,2022-1-4 16:27,TM-廊坊-菜鸟圆通
YT6233747376200,辽宁省 沈阳市 沈北新区,2.19,2022-1-4 16:27,TM-廊坊-菜鸟圆通
YT6233747376100,黑龙江省 双鸭山市 友谊县,2.19,2022-1-4 16:27,TM-廊坊-菜鸟圆通
YT6233748962170,天津 天津市 东丽区,2.19,2022-1-4 16:27,TM-廊坊-菜鸟圆通
YT6233748182826,吉林省 长春市 绿园区,1.29,2022-1-4 16:27,TM-廊坊-菜鸟圆通
YT6233748962022,吉林省 通化市 柳河县,2.19,2022-1-4 16:27,TM-廊坊-菜鸟圆通
YT6233718708108,河北省 邢台市 桥西区,2.29,2022-1-4 16:09,TM-廊坊-菜鸟圆通
YT6233718708083,河北省 邢台市 桥西区,2.29,2022-1-4 16:09,TM-廊坊-菜鸟圆通
YT6233718707996,河北省 邢台市 桥西区,2.29,2022-1-4 16:09,TM-廊坊-菜鸟圆通
YT6233718707891,北京 北京市 丰台区,3.29,2022-1-4 16:09,TM-廊坊-菜鸟圆通
YT6233718707779,河北省 邯郸市 丛台区,3.52,2022-1-4 16:09,TM-廊坊-菜鸟圆通
YT6233718707692,河北省 邢台市 桥西区,2.29,2022-1-4 16:09,TM-廊坊-菜鸟圆通
YT6233718707590,河北省 邯郸市 丛台区,3.51,2022-1-4 16:09,TM-廊坊-菜鸟圆通
YT6233718707473,河北省 邢台市 桥西区,1.69,2022-1-4 16:09,TM-廊坊-菜鸟圆通
YT6233718707399,天津 天津市 东丽区,2.29,2022-1-4 16:09,TM-廊坊-菜鸟圆通
YT6233511107721,黑龙江省 双鸭山市 饶河县,1.29,2022-1-4 15:39,TM-廊坊-菜鸟圆通
YT9924356663022,辽宁省 大连市 中山区,2.09,2022-1-4 15:40,DD-廊坊-多多圆通
YT6233513912800,河北省 唐山市 丰南区,3.01,2022-1-4 15:39,TM-廊坊-菜鸟圆通
YT9924310110037,山西省 临汾市 古县,3.29,2022-1-4 15:40,DD-廊坊-多多圆通
YT9924310094282,河北省 承德市 宽城满族自治县,3.84,2022-1-4 15:40,DD-廊坊-多多圆通
YT9924310095844,北京 北京市 朝阳区,4.29,2022-1-4 15:40,DD-廊坊-多多圆通
YT9924310127294,河北省 邢台市 隆尧县,4.29,2022-1-4 15:40,DD-廊坊-多多圆通
YT9924310092020,北京 北京市 朝阳区,4.29,2022-1-4 15:40,DD-廊坊-多多圆通
YT9924236701290,河北省 邯郸市 馆陶县,0.74,2022-1-4 15:40,DD-廊坊-多多圆通
YT6233230850555,河北省 张家口市 蔚县,3.29,2022-1-4 15:39,TM-廊坊-菜鸟圆通
YT6233227155645,河北省 秦皇岛市 抚宁区,1.29,2022-1-4 15:39,TM-廊坊-菜鸟圆通
YT9924482641031,山西省 运城市 临猗县,2.11,2022-1-4 15:40,DD-廊坊-多多圆通
YT9924482635872,河北省 邯郸市 馆陶县,1.29,2022-1-4 15:40,DD-廊坊-多多圆通
YT6233078394457,北京 北京市 丰台区,3.19,2022-1-4 15:39,TM-廊坊-菜鸟圆通
YT6233078961292,河北省 邯郸市 永年区,3.01,2022-1-4 15:39,TM-廊坊-菜鸟圆通
YT6233078961100,山西省 临汾市 尧都区,3.01,2022-1-4 15:39,TM-廊坊-菜鸟圆通
YT6233078961013,山西省 运城市 盐湖区,3.01,2022-1-4 15:39,TM-廊坊-菜鸟圆通
YT6233078960937,山西省 运城市 盐湖区,3.01,2022-1-4 15:39,TM-廊坊-菜鸟圆通
YT9924838850414,黑龙江省 牡丹江市 林口县,4.29,2022-1-4 13:03,DD-廊坊-多多圆通
YT9924838675631,辽宁省 抚顺市 望花区,3.29,2022-1-4 13:03,DD-廊坊-多多圆通
YT9924838718752,北京 北京市 房山区,3.29,2022-1-4 13:03,DD-廊坊-多多圆通
YT9924838704080,北京 北京市 房山区,3.29,2022-1-4 13:03,DD-廊坊-多多圆通
YT9924838719610,河北省 保定市 高阳县,3.34,2022-1-4 13:03,DD-廊坊-多多圆通
YT9924838701555,河北省 邯郸市 广平县,4.29,2022-1-4 13:03,DD-廊坊-多多圆通
YT9924838702590,河北省 廊坊市 安次区,4.29,2022-1-4 13:03,DD-廊坊-多多圆通
YT9924838746038,河北省 廊坊市 安次区,4.29,2022-1-4 13:03,DD-廊坊-多多圆通
YT9924838748772,河北省 邢台市 临西县,4.29,2022-1-4 13:03,DD-廊坊-多多圆通
YT9924838717119,山西省 临汾市 尧都区,4.29,2022-1-4 13:03,DD-廊坊-多多圆通
YT9924838707631,山西省 阳泉市 城区,4.29,2022-1-4 13:03,DD-廊坊-多多圆通
YT9924838701727,北京 北京市 朝阳区,4.29,2022-1-4 13:03,DD-廊坊-多多圆通
YT9924838742691,北京 北京市 顺义区,4.29,2022-1-4 13:03,DD-廊坊-多多圆通
YT9924838700862,山西省 临汾市 尧都区,4.29,2022-1-4 13:03,DD-廊坊-多多圆通
YT9924838736546,北京 北京市 朝阳区,4.49,2022-1-4 13:03,DD-廊坊-多多圆通
YT9924833986846,河北省 邢台市 临西县,4.3,2022-1-4 13:03,DD-廊坊-多多圆通
YT1414296773674,河北省 张家口市 桥西区,3.59,2022-1-4 13:04,DY-廊坊-抖音圆通
YT1414263531700,河北省 沧州市 新华区,3.29,2022-1-4 13:04,DY-廊坊-抖音圆通
YT9924983615800,河北省 保定市 安新县,6.09,2022-1-4 10:29,DD-廊坊-多多圆通
YT9924983574873,河北省 保定市 安新县,6.09,2022-1-4 10:29,DD-廊坊-多多圆通
YT9924983608391,河北省 保定市 安新县,6.09,2022-1-4 10:29,DD-廊坊-多多圆通
YT9924983571666,山西省 大同市 广灵县,6.09,2022-1-4 10:29,DD-廊坊-多多圆通
YT9924983582735,北京 北京市 大兴区,6.09,2022-1-4 10:29,DD-廊坊-多多圆通
YT9924983615658,北京 北京市 大兴区,6.09,2022-1-4 10:29,DD-廊坊-多多圆通
YT9924983642988,北京 北京市 大兴区,6.09,2022-1-4 10:29,DD-廊坊-多多圆通
YT9924983615756,河北省 保定市 安新县,6.09,2022-1-4 10:29,DD-廊坊-多多圆通
YT9924983463522,山西省 大同市 广灵县,6.09,2022-1-4 10:29,DD-廊坊-多多圆通
YT6232498545644,北京 北京市 通州区,4.29,2022-1-4 10:29,TM-廊坊-菜鸟圆通
YT6232491736929,北京 北京市 东城区,4.29,2022-1-4 10:29,TM-廊坊-菜鸟圆通
YT6232498545563,北京 北京市 通州区,4.29,2022-1-4 10:29,TM-廊坊-菜鸟圆通
YT6232491736866,北京 北京市 东城区,4.29,2022-1-4 10:29,TM-廊坊-菜鸟圆通
YT6232491736765,北京 北京市 通州区,4.29,2022-1-4 10:29,TM-廊坊-菜鸟圆通
YT6232491736666,山西省 朔州市 怀仁市,3.29,2022-1-4 10:29,TM-廊坊-菜鸟圆通
YT6232491736565,北京 北京市 东城区,4.29,2022-1-4 10:29,TM-廊坊-菜鸟圆通
YT6232494846554,山西省 忻州市 忻府区,2.44,2022-1-4 10:29,TM-廊坊-菜鸟圆通
YT6232494846406,山西省 太原市 小店区,4.44,2022-1-4 10:29,TM-廊坊-菜鸟圆通
YT6232494846355,河北省 秦皇岛市 抚宁区,3.29,2022-1-4 10:29,TM-廊坊-菜鸟圆通
YT6232494846243,天津 天津市 东丽区,4.29,2022-1-4 10:29,TM-廊坊-菜鸟圆通
YT6232494846114,山西省 临汾市 侯马市,3.34,2022-1-4 10:29,TM-廊坊-菜鸟圆通
YT6232494846044,天津 天津市 滨海新区,1.29,2022-1-4 10:29,TM-廊坊-菜鸟圆通
YT6232494845930,山西省 大同市 浑源县,2.69,2022-1-4 10:29,TM-廊坊-菜鸟圆通
YT6232494845817,山西省 运城市 盐湖区,1.29,2022-1-4 10:29,TM-廊坊-菜鸟圆通
YT6232494845744,天津 天津市 红桥区,3.34,2022-1-4 10:29,TM-廊坊-菜鸟圆通
YT6232494845681,山西省 大同市 浑源县,2.29,2022-1-4 10:29,TM-廊坊-菜鸟圆通
YT9924915821323,河北省 廊坊市 永清县,4.29,2022-1-4 10:29,DD-廊坊-多多圆通
YT9924915821553,河北省 唐山市 丰润区,4.29,2022-1-4 10:29,DD-廊坊-多多圆通
YT9924915843230,天津 天津市 河东区,4.29,2022-1-4 10:29,DD-廊坊-多多圆通
YT9924915843618,山西省 临汾市 安泽县,4.34,2022-1-4 10:29,DD-廊坊-多多圆通
YT9924915845659,北京 北京市 昌平区,4.49,2022-1-4 10:29,DD-廊坊-多多圆通
YT9924915838289,山西省 太原市 尖草坪区,4.49,2022-1-4 10:29,DD-廊坊-多多圆通
YT9924912384881,山西省 临汾市 襄汾县,3.29,2022-1-4 10:29,DD-廊坊-多多圆通
YT9924912391737,山西省 太原市 小店区,4.3,2022-1-4 10:29,DD-廊坊-多多圆通
YT9924912391684,北京 北京市 门头沟区,4.3,2022-1-4 10:29,DD-廊坊-多多圆通
YT9924912419926,北京 北京市 西城区,4.3,2022-1-4 10:29,DD-廊坊-多多圆通
YT6232441705242,辽宁省 沈阳市 法库县,1.29,2022-1-4 10:29,TM-廊坊-菜鸟圆通
YT6232441705128,辽宁省 锦州市 太和区,2.19,2022-1-4 10:29,TM-廊坊-菜鸟圆通
YT6232441705055,吉林省 通化市 辉南县,2.19,2022-1-4 10:29,TM-廊坊-菜鸟圆通
YT6232441704988,辽宁省 大连市 金州区,2.19,2022-1-4 10:29,TM-廊坊-菜鸟圆通
YT6232442424700,吉林省 长春市 宽城区,1.29,2022-1-4 10:29,TM-廊坊-菜鸟圆通
YT6232435642894,辽宁省 鞍山市 岫岩满族自治县,1.29,2022-1-4 10:29,TM-廊坊-菜鸟圆通
YT6232434109788,辽宁省 抚顺市 东洲区,2.19,2022-1-4 10:29,TM-廊坊-菜鸟圆通
YT6232441704831,吉林省 长春市 宽城区,1.29,2022-1-4 10:29,TM-廊坊-菜鸟圆通
YT6232441704744,辽宁省 本溪市 本溪满族自治县,2.19,2022-1-4 10:29,TM-廊坊-菜鸟圆通
YT6232441704637,辽宁省 葫芦岛市 连山区,3.29,2022-1-4 10:29,TM-廊坊-菜鸟圆通
YT6232430237526,辽宁省 朝阳市 北票市,1.29,2022-1-4 10:29,TM-廊坊-菜鸟圆通
YT6232430237464,吉林省 长春市 南关区,1.29,2022-1-4 10:29,TM-廊坊-菜鸟圆通
YT6232432564942,吉林省 吉林市 桦甸市,2.19,2022-1-4 10:29,TM-廊坊-菜鸟圆通
YT6232430237371,吉林省 长春市 南关区,2.19,2022-1-4 10:29,TM-廊坊-菜鸟圆通
YT6232430237257,吉林省 白山市 临江市,1.29,2022-1-4 10:29,TM-廊坊-菜鸟圆通
YT6232430237166,黑龙江省 牡丹江市 阳明区,2.19,2022-1-4 10:29,TM-廊坊-菜鸟圆通
YT6232430237020,辽宁省 葫芦岛市 兴城市,2.29,2022-1-4 10:29,TM-廊坊-菜鸟圆通
YT6232430236904,吉林省 辽源市 龙山区,1.29,2022-1-4 10:29,TM-廊坊-菜鸟圆通
YT6232430236835,黑龙江省 双鸭山市 饶河县,2.19,2022-1-4 10:29,TM-廊坊-菜鸟圆通
YT6232430236704,吉林省 吉林市 昌邑区,1.29,2022-1-4 10:29,TM-廊坊-菜鸟圆通
YT9925221901846,天津 天津市 津南区,3.04,2022-1-4 10:29,DD-廊坊-多多圆通
YT9925221901682,河北省 石家庄市 长安区,3.01,2022-1-4 10:29,DD-廊坊-多多圆通
YT9925221900852,北京 北京市 丰台区,3.01,2022-1-4 10:29,DD-廊坊-多多圆通
YT9925221866800,河北省 唐山市 乐亭县,3.09,2022-1-4 10:29,DD-廊坊-多多圆通
YT9925221903446,北京 北京市 昌平区,3.01,2022-1-4 10:29,DD-廊坊-多多圆通
YT6232404068522,河北省 邯郸市 峰峰矿区,3.01,2022-1-4 10:29,TM-廊坊-菜鸟圆通
YT6232404068445,天津 天津市 红桥区,4.19,2022-1-4 10:29,TM-廊坊-菜鸟圆通
YT6232404068340,山西省 吕梁市 方山县,3.01,2022-1-4 10:29,TM-廊坊-菜鸟圆通
YT6232404068243,山西省 临汾市 隰县,3.01,2022-1-4 10:29,TM-廊坊-菜鸟圆通
YT6232404068100,河北省 保定市 雄县,2.29,2022-1-4 10:29,TM-廊坊-菜鸟圆通
YT6232400982497,北京 北京市 丰台区,3.01,2022-1-4 10:29,TM-廊坊-菜鸟圆通
YT6232400982366,河北省 邯郸市 武安市,3.01,2022-1-4 10:29,TM-廊坊-菜鸟圆通
YT6232397174566,北京 北京市 平谷区,3.01,2022-1-4 10:29,TM-廊坊-菜鸟圆通
YT6232396435893,天津 天津市 河东区,3.01,2022-1-4 10:29,TM-廊坊-菜鸟圆通
YT6232404068007,北京 北京市 丰台区,3.01,2022-1-4 10:29,TM-廊坊-菜鸟圆通
YT6232394107655,山西省 长治市 襄垣县,3.01,2022-1-4 10:29,TM-廊坊-菜鸟圆通
YT6232392604887,天津 天津市 和平区,3.01,2022-1-4 10:29,TM-廊坊-菜鸟圆通
YT6232404067910,天津 天津市 西青区,3.19,2022-1-4 10:29,TM-廊坊-菜鸟圆通
YT6232340573855,河北省 保定市 望都县,2.69,2022-1-4 10:29,TM-廊坊-菜鸟圆通
YT6232340573749,河北省 张家口市 涿鹿县,2.69,2022-1-4 10:29,TM-廊坊-菜鸟圆通
YT6232340573687,河北省 衡水市 安平县,2.69,2022-1-4 10:29,TM-廊坊-菜鸟圆通
YT6232349640055,河北省 邢台市 桥东区,1.29,2022-1-4 10:29,TM-廊坊-菜鸟圆通
YT6232347339313,山西省 晋中市 榆次区,4.3,2022-1-4 10:29,TM-廊坊-菜鸟圆通
YT6232349639923,河北省 唐山市 乐亭县,2.69,2022-1-4 10:29,TM-廊坊-菜鸟圆通
YT6232340573571,河北省 衡水市 冀州区,2.69,2022-1-4 10:29,TM-廊坊-菜鸟圆通
YT6232340573491,山西省 大同市 天镇县,2.69,2022-1-4 10:29,TM-廊坊-菜鸟圆通
YT6232340573321,河北省 邢台市 沙河市,2.69,2022-1-4 10:29,TM-廊坊-菜鸟圆通
YT9925844833022,山西省 朔州市 朔城区,4.29,2022-1-3 16:45,DD-廊坊-多多圆通
YT6231205963665,河北省 张家口市 阳原县,3.34,2022-1-3 16:24,TM-廊坊-菜鸟圆通
YT6231205963548,北京 北京市 海淀区,3.29,2022-1-3 16:24,TM-廊坊-菜鸟圆通
YT9925870504883,山西省 朔州市 朔城区,2.29,2022-1-3 16:24,DD-廊坊-多多圆通
YT6231151303477,北京 北京市 海淀区,3.29,2022-1-3 16:24,TM-廊坊-菜鸟圆通
YT9925789633527,天津 天津市 蓟州区,4.11,2022-1-3 16:24,DD-廊坊-多多圆通
YT9925789606055,北京 北京市 昌平区,2.11,2022-1-3 16:24,DD-廊坊-多多圆通
YT6231114332292,北京 北京市 昌平区,3.01,2022-1-3 16:24,TM-廊坊-菜鸟圆通
YT6231126584525,河北省 廊坊市 霸州市,3.01,2022-1-3 16:24,TM-廊坊-菜鸟圆通
YT6231117323981,北京 北京市 昌平区,3.01,2022-1-3 16:24,TM-廊坊-菜鸟圆通
YT6231117323862,山西省 朔州市 右玉县,3.01,2022-1-3 16:24,TM-廊坊-菜鸟圆通
YT6231117323700,河北省 承德市 双桥区,3.01,2022-1-3 16:24,TM-廊坊-菜鸟圆通
YT6231117323623,河北省 保定市 莲池区,2.19,2022-1-3 16:24,TM-廊坊-菜鸟圆通
YT9925838054530,河北省 保定市 涞源县,3.29,2022-1-3 16:24,DD-廊坊-多多圆通
YT9925838030540,山西省 大同市 灵丘县,3.29,2022-1-3 16:24,DD-廊坊-多多圆通
YT9925838056170,河北省 保定市 涞源县,3.29,2022-1-3 16:24,DD-廊坊-多多圆通
YT9925833292490,河北省 邢台市 南宫市,4.3,2022-1-3 16:24,DD-廊坊-多多圆通
YT9925870534297,山西省 大同市 灵丘县,1.79,2022-1-3 16:24,DD-廊坊-多多圆通
YT9925870516458,天津 天津市 蓟州区,1.29,2022-1-3 16:24,DD-廊坊-多多圆通
YT9925870516643,天津 天津市 蓟州区,1.29,2022-1-3 16:24,DD-廊坊-多多圆通
YT9925870467963,山西省 大同市 天镇县,2.29,2022-1-3 16:24,DD-廊坊-多多圆通
YT9926033893199,河北省 廊坊市 霸州市,4.29,2022-1-3 14:04,DD-廊坊-多多圆通
YT9926033885800,河北省 廊坊市 霸州市,4.29,2022-1-3 14:04,DD-廊坊-多多圆通
YT9926033900464,河北省 廊坊市 霸州市,4.29,2022-1-3 14:04,DD-廊坊-多多圆通
YT9926033897553,河北省 廊坊市 霸州市,4.29,2022-1-3 14:04,DD-廊坊-多多圆通
YT9926033877484,河北省 廊坊市 霸州市,4.29,2022-1-3 14:04,DD-廊坊-多多圆通
YT9926033862573,河北省 廊坊市 霸州市,4.29,2022-1-3 14:04,DD-廊坊-多多圆通
YT9926033883532,河北省 廊坊市 三河市,4.49,2022-1-3 14:04,DD-廊坊-多多圆通
YT6230690427122,天津 天津市 西青区,2.29,2022-1-3 14:05,TM-廊坊-菜鸟圆通
YT6230385737279,北京 北京市 怀柔区,4.3,2022-1-3 14:05,TM-廊坊-菜鸟圆通
YT9919454870225,河北省 保定市 清苑区,3.01,2022-1-3 14:04,DD-廊坊-多多圆通
YT6230373644566,山西省 长治市 沁县,3.01,2022-1-3 14:05,TM-廊坊-菜鸟圆通
YT6230373644466,河北省 张家口市 桥西区,3.01,2022-1-3 14:05,TM-廊坊-菜鸟圆通
YT6230373644345,山西省 晋中市 平遥县,2.19,2022-1-3 14:05,TM-廊坊-菜鸟圆通
YT9919542932850,山西省 阳泉市 城区,3.29,2022-1-3 14:04,DD-廊坊-多多圆通
YT9919543103864,山西省 阳泉市 城区,3.29,2022-1-3 14:04,DD-廊坊-多多圆通
YT9919448538786,山西省 晋中市 左权县,4.3,2022-1-3 14:04,DD-廊坊-多多圆通
YT6230258254257,山西省 朔州市 怀仁市,3.89,2022-1-3 11:42,TM-廊坊-菜鸟圆通
YT6230258254168,河北省 邢台市 清河县,4.29,2022-1-3 11:42,TM-廊坊-菜鸟圆通
YT6230258254055,山西省 晋中市 介休市,3.29,2022-1-3 11:42,TM-廊坊-菜鸟圆通
YT6230258253955,河北省 唐山市 玉田县,3.49,2022-1-3 11:42,TM-廊坊-菜鸟圆通
YT6230258253864,河北省 保定市 清苑区,4.39,2022-1-3 11:42,TM-廊坊-菜鸟圆通
YT6230258253766,北京 北京市 朝阳区,3.39,2022-1-3 11:42,TM-廊坊-菜鸟圆通
YT9919440153666,河北省 保定市 安新县,6.09,2022-1-3 11:41,DD-廊坊-多多圆通
YT9919440170661,河北省 保定市 安新县,6.09,2022-1-3 11:41,DD-廊坊-多多圆通
YT9919663574260,黑龙江省 双鸭山市 宝清县,3.29,2022-1-3 11:40,DD-廊坊-多多圆通
YT9919663603044,黑龙江省 双鸭山市 宝清县,3.29,2022-1-3 11:40,DD-廊坊-多多圆通
YT9919663617786,黑龙江省 双鸭山市 宝清县,3.29,2022-1-3 11:40,DD-廊坊-多多圆通
YT9919663627997,黑龙江省 双鸭山市 宝清县,3.29,2022-1-3 11:40,DD-廊坊-多多圆通
YT9919663633899,黑龙江省 双鸭山市 宝清县,3.29,2022-1-3 11:40,DD-廊坊-多多圆通
YT9919663658472,黑龙江省 双鸭山市 宝清县,3.29,2022-1-3 11:40,DD-廊坊-多多圆通
YT9919663656950,黑龙江省 双鸭山市 宝清县,3.29,2022-1-3 11:40,DD-廊坊-多多圆通
YT9919663647194,黑龙江省 双鸭山市 宝清县,3.29,2022-1-3 11:40,DD-廊坊-多多圆通
YT9919663880977,黑龙江省 哈尔滨市 尚志市,4.29,2022-1-3 11:41,DD-廊坊-多多圆通
YT9919679016125,河北省 廊坊市 永清县,4.29,2022-1-3 11:41,DD-廊坊-多多圆通
YT9919679245199,山西省 临汾市 汾西县,3.29,2022-1-3 11:40,DD-廊坊-多多圆通
YT9919679229790,天津 天津市 宝坻区,4.29,2022-1-3 11:41,DD-廊坊-多多圆通
YT9919679245390,天津 天津市 津南区,4.29,2022-1-3 11:41,DD-廊坊-多多圆通
YT9919679245730,山西省 临汾市 洪洞县,3.29,2022-1-3 11:41,DD-廊坊-多多圆通
YT9919679228117,河北省 石家庄市 辛集市,3.29,2022-1-3 11:40,DD-廊坊-多多圆通
YT9919679234333,北京 北京市 东城区,3.19,2022-1-3 11:41,DD-廊坊-多多圆通
YT9919679235104,河北省 石家庄市 藁城区,4.49,2022-1-3 11:41,DD-廊坊-多多圆通
YT9919679266655,山西省 忻州市 保德县,4.49,2022-1-3 11:41,DD-廊坊-多多圆通
YT9919679276737,河北省 承德市 围场满族蒙古族自治县,4.49,2022-1-3 11:41,DD-廊坊-多多圆通
YT9919679242204,北京 北京市 通州区,4.49,2022-1-3 11:41,DD-廊坊-多多圆通
YT9919679266485,河北省 张家口市 蔚县,4.49,2022-1-3 11:41,DD-廊坊-多多圆通
YT9919679230419,河北省 秦皇岛市 海港区,3.29,2022-1-3 11:40,DD-廊坊-多多圆通
YT9919679261690,北京 北京市 朝阳区,3.29,2022-1-3 11:41,DD-廊坊-多多圆通
YT9919679276520,北京 北京市 昌平区,3.29,2022-1-3 11:40,DD-廊坊-多多圆通
YT9919679262739,天津 天津市 滨海新区,3.29,2022-1-3 11:41,DD-廊坊-多多圆通
YT9919679259865,山西省 晋中市 昔阳县,3.29,2022-1-3 11:41,DD-廊坊-多多圆通
YT9919679289818,河北省 廊坊市 大城县,3.29,2022-1-3 11:40,DD-廊坊-多多圆通
YT9919679254677,河北省 廊坊市 霸州市,3.34,2022-1-3 11:41,DD-廊坊-多多圆通
YT9919679255780,河北省 保定市 涞源县,3.29,2022-1-3 11:40,DD-廊坊-多多圆通
YT9919679296592,山西省 忻州市 繁峙县,4.49,2022-1-3 11:41,DD-廊坊-多多圆通
YT9919679296990,天津 天津市 津南区,4.29,2022-1-3 11:41,DD-廊坊-多多圆通
YT9919679253034,河北省 保定市 涞源县,3.29,2022-1-3 11:40,DD-廊坊-多多圆通
YT9919679297588,河北省 保定市 涞源县,3.29,2022-1-3 11:40,DD-廊坊-多多圆通
YT9919679278164,河北省 保定市 涞源县,3.29,2022-1-3 11:40,DD-廊坊-多多圆通
YT9919679278375,河北省 廊坊市 大城县,3.29,2022-1-3 11:40,DD-廊坊-多多圆通
YT9919679322489,河北省 廊坊市 大城县,3.29,2022-1-3 11:40,DD-廊坊-多多圆通
YT9919679286151,河北省 廊坊市 大城县,3.29,2022-1-3 11:40,DD-廊坊-多多圆通
YT9919679281679,河北省 廊坊市 大城县,3.29,2022-1-3 11:40,DD-廊坊-多多圆通
YT9919679318933,河北省 廊坊市 大城县,3.29,2022-1-3 11:40,DD-廊坊-多多圆通
YT9919679277891,河北省 廊坊市 大城县,3.29,2022-1-3 11:40,DD-廊坊-多多圆通
YT9919679312333,河北省 廊坊市 大城县,3.29,2022-1-3 11:40,DD-廊坊-多多圆通
YT9919679138155,北京 北京市 昌平区,3.29,2022-1-3 11:40,DD-廊坊-多多圆通
YT9919679323686,北京 北京市 昌平区,3.29,2022-1-3 11:40,DD-廊坊-多多圆通
YT9919679302528,北京 北京市 昌平区,3.29,2022-1-3 11:40,DD-廊坊-多多圆通
YT9919679319888,河北省 秦皇岛市 海港区,3.29,2022-1-3 11:40,DD-廊坊-多多圆通
YT9919679313958,河北省 秦皇岛市 海港区,3.29,2022-1-3 11:40,DD-廊坊-多多圆通
YT9919679314151,河北省 秦皇岛市 海港区,3.29,2022-1-3 11:40,DD-廊坊-多多圆通
YT9919679305997,河北省 石家庄市 辛集市,3.29,2022-1-3 11:40,DD-廊坊-多多圆通
YT9919679135902,河北省 石家庄市 辛集市,3.29,2022-1-3 11:40,DD-廊坊-多多圆通
YT9919679307554,河北省 石家庄市 辛集市,3.29,2022-1-3 11:40,DD-廊坊-多多圆通
YT9919679143199,山西省 临汾市 汾西县,3.29,2022-1-3 11:40,DD-廊坊-多多圆通
YT9919679128332,天津 天津市 滨海新区,3.29,2022-1-3 11:41,DD-廊坊-多多圆通
YT9919679135548,天津 天津市 津南区,4.29,2022-1-3 11:41,DD-廊坊-多多圆通
YT9919679306312,河北省 唐山市 遵化市,3.29,2022-1-3 11:41,DD-廊坊-多多圆通
YT9919679144817,河北省 唐山市 遵化市,3.29,2022-1-3 11:41,DD-廊坊-多多圆通
YT9919704553828,河北省 廊坊市 大城县,3.29,2022-1-3 11:41,DD-廊坊-多多圆通
YT9919704547479,北京 北京市 海淀区,4.3,2022-1-3 11:41,DD-廊坊-多多圆通
YT9919704556100,河北省 唐山市 遵化市,4.3,2022-1-3 11:41,DD-廊坊-多多圆通
YT9919704545793,河北省 邯郸市 肥乡区,4.3,2022-1-3 11:41,DD-廊坊-多多圆通
YT9919704586799,北京 北京市 昌平区,4.3,2022-1-3 11:41,DD-廊坊-多多圆通
YT9919704544255,山西省 忻州市 五台县,4.3,2022-1-3 11:41,DD-廊坊-多多圆通
YT9919704617608,山西省 太原市 万柏林区,4.3,2022-1-3 11:41,DD-廊坊-多多圆通
YT9919704577498,山西省 临汾市 浮山县,4.3,2022-1-3 11:41,DD-廊坊-多多圆通
YT9919704576391,天津 天津市 河东区,4.3,2022-1-3 11:41,DD-廊坊-多多圆通
YT9919704614550,河北省 唐山市 路北区,4.3,2022-1-3 11:41,DD-廊坊-多多圆通
YT6229857497091,山西省 太原市 小店区,3.01,2022-1-3 11:42,TM-廊坊-菜鸟圆通
YT6229857496944,山西省 朔州市 怀仁市,3.01,2022-1-3 11:42,TM-廊坊-菜鸟圆通
YT6229837416674,北京 北京市 房山区,1.29,2022-1-3 11:42,TM-廊坊-菜鸟圆通
YT9919885430883,山西省 太原市 尖草坪区,3.01,2022-1-3 11:41,DD-廊坊-多多圆通
YT6229837416573,天津 天津市 河北区,3.51,2022-1-3 11:42,TM-廊坊-菜鸟圆通
YT6228807254819,山西省 运城市 闻喜县,4.39,2022-1-2 16:44,TM-廊坊-菜鸟圆通
YT6228807254700,山西省 晋城市 沁水县,4.29,2022-1-2 16:44,TM-廊坊-菜鸟圆通
YT6228732649760,天津 天津市 宝坻区,2.69,2022-1-2 16:20,TM-廊坊-菜鸟圆通
YT6228732649679,天津 天津市 蓟州区,2.69,2022-1-2 16:20,TM-廊坊-菜鸟圆通
YT6228737963377,天津 天津市 蓟州区,2.69,2022-1-2 16:20,TM-廊坊-菜鸟圆通
YT6228737963256,山西省 忻州市 五寨县,2.69,2022-1-2 16:20,TM-廊坊-菜鸟圆通
YT6228324582156,山西省 临汾市 翼城县,2.29,2022-1-2 14:10,TM-廊坊-菜鸟圆通
YT6228329800466,山西省 忻州市 忻府区,2.74,2022-1-2 14:10,TM-廊坊-菜鸟圆通
YT6228329800398,山西省 忻州市 忻府区,2.74,2022-1-2 14:10,TM-廊坊-菜鸟圆通
YT6228324582046,河北省 邯郸市 丛台区,4.29,2022-1-2 14:10,TM-廊坊-菜鸟圆通
YT6228324581922,北京 北京市 昌平区,2.39,2022-1-2 14:10,TM-廊坊-菜鸟圆通
YT6228324581898,河北省 衡水市 桃城区,1.19,2022-1-2 14:10,TM-廊坊-菜鸟圆通
YT6228324581795,河北省 邢台市 邢台县,1.39,2022-1-2 14:10,TM-廊坊-菜鸟圆通
YT9920734013700,北京 北京市 大兴区,3.29,2022-1-2 14:09,DD-廊坊-多多圆通
YT9920734042850,河北省 承德市 丰宁满族自治县,3.09,2022-1-2 14:09,DD-廊坊-多多圆通
YT9920734035300,河北省 邯郸市 邯山区,3.29,2022-1-2 14:09,DD-廊坊-多多圆通
YT9920734020759,北京 北京市 丰台区,3.29,2022-1-2 14:09,DD-廊坊-多多圆通
YT9920734044283,河北省 邢台市 威县,4.29,2022-1-2 14:09,DD-廊坊-多多圆通
YT9920734026336,北京 北京市 通州区,4.29,2022-1-2 14:09,DD-廊坊-多多圆通
YT9920734033920,河北省 邯郸市 丛台区,3.29,2022-1-2 14:09,DD-廊坊-多多圆通
YT9920733917849,河北省 邯郸市 邯山区,3.29,2022-1-2 14:09,DD-廊坊-多多圆通
YT9920733893169,河北省 邯郸市 丛台区,3.29,2022-1-2 14:09,DD-廊坊-多多圆通
YT9920733875160,河北省 邯郸市 丛台区,3.29,2022-1-2 14:09,DD-廊坊-多多圆通
YT9920733885612,河北省 邯郸市 丛台区,3.29,2022-1-2 14:09,DD-廊坊-多多圆通
YT9920734042572,河北省 唐山市 丰润区,3.29,2022-1-2 14:09,DD-廊坊-多多圆通
YT9920734027859,河北省 邯郸市 丛台区,3.29,2022-1-2 14:09,DD-廊坊-多多圆通
YT9920734042673,河北省 邯郸市 邯山区,3.29,2022-1-2 14:09,DD-廊坊-多多圆通
YT9920734044820,河北省 邯郸市 邯山区,3.29,2022-1-2 14:09,DD-廊坊-多多圆通
YT9920734002335,河北省 邯郸市 邯山区,3.29,2022-1-2 14:09,DD-廊坊-多多圆通
YT9920734012367,河北省 邯郸市 邯山区,3.29,2022-1-2 14:09,DD-廊坊-多多圆通
YT9920734046237,天津 天津市 宝坻区,3.29,2022-1-2 14:09,DD-廊坊-多多圆通
YT9920734019542,河北省 邯郸市 邯山区,3.29,2022-1-2 14:09,DD-廊坊-多多圆通
YT9920734000794,河北省 邯郸市 丛台区,3.29,2022-1-2 14:09,DD-廊坊-多多圆通
YT9920734001177,山西省 太原市 万柏林区,4.29,2022-1-2 14:09,DD-廊坊-多多圆通
YT9920734000577,河北省 邯郸市 丛台区,3.29,2022-1-2 14:09,DD-廊坊-多多圆通
YT9920729734312,河北省 秦皇岛市 卢龙县,4.3,2022-1-2 14:09,DD-廊坊-多多圆通
YT9920729581503,天津 天津市 静海区,3.29,2022-1-2 14:09,DD-廊坊-多多圆通
YT9920729554722,河北省 邢台市 沙河市,3.29,2022-1-2 14:09,DD-廊坊-多多圆通
YT9920729560657,河北省 廊坊市 三河市,4.3,2022-1-2 14:09,DD-廊坊-多多圆通
YT9920729733466,河北省 唐山市 曹妃甸区,2.79,2022-1-2 14:09,DD-廊坊-多多圆通
YT9920729733351,河北省 沧州市 孟村回族自治县,2.79,2022-1-2 14:09,DD-廊坊-多多圆通
YT9920729733886,河北省 邯郸市 永年区,2.79,2022-1-2 14:09,DD-廊坊-多多圆通
YT9920729547288,河北省 秦皇岛市 青龙满族自治县,2.79,2022-1-2 14:09,DD-廊坊-多多圆通
YT9920729555853,山西省 太原市 杏花岭区,2.79,2022-1-2 14:09,DD-廊坊-多多圆通
YT9920729587730,北京 北京市 顺义区,4.3,2022-1-2 14:09,DD-廊坊-多多圆通
YT6228250862868,北京 北京市 昌平区,2.79,2022-1-2 14:10,TM-廊坊-菜鸟圆通
YT6228256191873,河北省 邯郸市 永年区,2.69,2022-1-2 14:10,TM-廊坊-菜鸟圆通
YT6228250862711,河北省 石家庄市 长安区,2.79,2022-1-2 14:10,TM-廊坊-菜鸟圆通
YT9920537779484,山西省 朔州市 应县,2.49,2022-1-2 15:45,DD-廊坊-多多圆通
YT9920537837080,山西省 朔州市 应县,2.49,2022-1-2 15:45,DD-廊坊-多多圆通
YT6227900832368,河北省 邯郸市 魏县,4.09,2022-1-2 11:55,TM-廊坊-菜鸟圆通
YT6227900832280,河北省 唐山市 路南区,3.01,2022-1-2 11:55,TM-廊坊-菜鸟圆通
YT6227900832116,河北省 邯郸市 峰峰矿区,3.01,2022-1-2 11:55,TM-廊坊-菜鸟圆通
YT9921057648687,天津 天津市 南开区,2.19,2022-1-2 14:09,DD-廊坊-多多圆通
YT9921057640097,天津 天津市 南开区,2.19,2022-1-2 14:09,DD-廊坊-多多圆通
YT9921057790411,天津 天津市 南开区,2.19,2022-1-2 14:09,DD-廊坊-多多圆通
YT9921057808718,天津 天津市 南开区,2.19,2022-1-2 14:09,DD-廊坊-多多圆通
YT9921057745300,天津 天津市 南开区,2.19,2022-1-2 14:09,DD-廊坊-多多圆通
YT6227877460545,河北省 唐山市 丰南区,2.09,2022-1-2 11:55,TM-廊坊-菜鸟圆通
YT6227877460460,山西省 大同市 平城区,2.09,2022-1-2 11:55,TM-廊坊-菜鸟圆通
YT6227877460331,天津 天津市 河西区,3.09,2022-1-2 11:55,TM-廊坊-菜鸟圆通
YT6227877460292,河北省 承德市 丰宁满族自治县,4.19,2022-1-2 11:55,TM-廊坊-菜鸟圆通
YT6227877460187,山西省 大同市 平城区,2.09,2022-1-2 11:55,TM-廊坊-菜鸟圆通
YT6227877460000,山西省 大同市 平城区,2.09,2022-1-2 11:55,TM-廊坊-菜鸟圆通
YT6227877459972,山西省 大同市 平城区,2.09,2022-1-2 11:55,TM-廊坊-菜鸟圆通
YT6227877459804,山西省 大同市 平城区,2.09,2022-1-2 11:55,TM-廊坊-菜鸟圆通
YT6227877459798,河北省 秦皇岛市 海港区,2.09,2022-1-2 11:55,TM-廊坊-菜鸟圆通
YT6227877342555,天津 天津市 东丽区,3.24,2022-1-2 11:55,TM-廊坊-菜鸟圆通
YT6227875853529,山西省 吕梁市 文水县,3.79,2022-1-2 11:55,TM-廊坊-菜鸟圆通
YT6227875853400,河北省 保定市 易县,4.39,2022-1-2 11:55,TM-廊坊-菜鸟圆通
YT6227875853307,山西省 运城市 万荣县,4.29,2022-1-2 11:55,TM-廊坊-菜鸟圆通
YT6227875853240,山西省 临汾市 曲沃县,3.44,2022-1-2 11:55,TM-廊坊-菜鸟圆通
YT6227875853163,山西省 太原市 小店区,2.34,2022-1-2 11:55,TM-廊坊-菜鸟圆通
YT6227879615574,山西省 太原市 迎泽区,0.79,2022-1-2 11:55,TM-廊坊-菜鸟圆通
YT6227875853084,山西省 朔州市 朔城区,2.29,2022-1-2 11:54,TM-廊坊-菜鸟圆通
YT6227875852937,北京 北京市 西城区,2.79,2022-1-2 11:55,TM-廊坊-菜鸟圆通
YT6227875852816,河北省 唐山市 丰润区,4.29,2022-1-2 11:55,TM-廊坊-菜鸟圆通
YT6227877343596,河北省 张家口市 蔚县,2.29,2022-1-2 11:55,TM-廊坊-菜鸟圆通
YT6227877343455,山西省 运城市 盐湖区,2.79,2022-1-2 11:55,TM-廊坊-菜鸟圆通
YT6227877343391,北京 北京市 西城区,2.29,2022-1-2 11:55,TM-廊坊-菜鸟圆通
YT6227877343296,河北省 石家庄市 辛集市,1.29,2022-1-2 11:55,TM-廊坊-菜鸟圆通
YT6227885773255,河北省 保定市 涿州市,2.69,2022-1-2 11:55,TM-廊坊-菜鸟圆通
YT6227877343194,河北省 廊坊市 霸州市,2.79,2022-1-2 11:55,TM-廊坊-菜鸟圆通
YT6227877343037,山西省 长治市 武乡县,4.39,2022-1-2 11:55,TM-廊坊-菜鸟圆通
YT6227877342933,河北省 唐山市 路南区,2.29,2022-1-2 11:55,TM-廊坊-菜鸟圆通
YT6227875852498,河北省 保定市 高阳县,1.29,2022-1-2 11:55,TM-廊坊-菜鸟圆通
YT6227877342850,山西省 临汾市 大宁县,4.19,2022-1-2 11:55,TM-廊坊-菜鸟圆通
YT6227880330176,河北省 邢台市 沙河市,4.19,2022-1-2 11:55,TM-廊坊-菜鸟圆通
YT6227880330007,河北省 承德市 丰宁满族自治县,2.44,2022-1-2 11:55,TM-廊坊-菜鸟圆通
YT6227880329948,河北省 廊坊市 霸州市,2.44,2022-1-2 11:55,TM-廊坊-菜鸟圆通
YT6227880329883,北京 北京市 海淀区,2.29,2022-1-2 11:54,TM-廊坊-菜鸟圆通
YT6227880329722,北京 北京市 昌平区,2.29,2022-1-2 11:54,TM-廊坊-菜鸟圆通
YT6227880329689,天津 天津市 河北区,2.29,2022-1-2 11:54,TM-廊坊-菜鸟圆通
YT6227880329546,河北省 邯郸市 鸡泽县,4.29,2022-1-2 11:55,TM-廊坊-菜鸟圆通
YT6227880329463,河北省 承德市 承德县,1.79,2022-1-2 11:55,TM-廊坊-菜鸟圆通
YT6227880329322,北京 北京市 昌平区,3.29,2022-1-2 11:55,TM-廊坊-菜鸟圆通
YT6227878155129,河北省 保定市 涿州市,2.69,2022-1-2 11:55,TM-廊坊-菜鸟圆通
YT9921057751000,山西省 吕梁市 柳林县,2.29,2022-1-2 14:09,DD-廊坊-多多圆通
YT9921057779326,河北省 沧州市 南皮县,2.29,2022-1-2 14:09,DD-廊坊-多多圆通
YT9921057736657,北京 北京市 大兴区,2.29,2022-1-2 14:09,DD-廊坊-多多圆通
YT9921184059599,河北省 保定市 安新县,6.29,2022-1-2 11:55,DD-廊坊-多多圆通
YT9921184069788,河北省 保定市 安新县,6.29,2022-1-2 11:55,DD-廊坊-多多圆通
YT6227843684786,河北省 邯郸市 邯山区,0.79,2022-1-2 11:55,TM-廊坊-菜鸟圆通
YT6227659136859,河北省 石家庄市 赵县,2.69,2022-1-2 10:55,TM-廊坊-菜鸟圆通
YT6227663585734,河北省 石家庄市 新华区,2.79,2022-1-2 10:55,TM-廊坊-菜鸟圆通
YT6227663585666,天津 天津市 津南区,2.79,2022-1-2 10:55,TM-廊坊-菜鸟圆通
YT6227659136547,河北省 秦皇岛市 海港区,1.29,2022-1-2 10:55,TM-廊坊-菜鸟圆通
YT6227663585574,河北省 沧州市 运河区,2.79,2022-1-2 10:55,TM-廊坊-菜鸟圆通
YT6227668097618,河北省 石家庄市 无极县,2.69,2022-1-2 10:55,TM-廊坊-菜鸟圆通
YT6227668097523,河北省 邢台市 桥东区,2.69,2022-1-2 10:55,TM-廊坊-菜鸟圆通
YT6227659136143,北京 北京市 平谷区,1.29,2022-1-2 10:55,TM-廊坊-菜鸟圆通
YT6227659136095,河北省 衡水市 安平县,0.79,2022-1-2 10:55,TM-廊坊-菜鸟圆通
YT6227668097477,河北省 衡水市 深州市,2.69,2022-1-2 10:55,TM-廊坊-菜鸟圆通
YT6227659135986,河北省 沧州市 海兴县,0.79,2022-1-2 10:55,TM-廊坊-菜鸟圆通
YT6227659135898,河北省 唐山市 遵化市,0.79,2022-1-2 10:55,TM-廊坊-菜鸟圆通
YT6227668097368,北京 北京市 顺义区,2.69,2022-1-2 10:55,TM-廊坊-菜鸟圆通
YT6227659135746,河北省 衡水市 枣强县,1.29,2022-1-2 10:55,TM-廊坊-菜鸟圆通
YT6227659135674,河北省 衡水市 阜城县,0.79,2022-1-2 10:55,TM-廊坊-菜鸟圆通
YT6227662817662,山西省 太原市 万柏林区,2.69,2022-1-2 10:55,TM-廊坊-菜鸟圆通
YT6227662817575,天津 天津市 武清区,2.79,2022-1-2 10:55,TM-廊坊-菜鸟圆通
YT6227671208124,河北省 秦皇岛市 山海关区,2.69,2022-1-2 10:55,TM-廊坊-菜鸟圆通
YT6227665082301,山西省 大同市 平城区,0.79,2022-1-2 10:55,TM-廊坊-菜鸟圆通
YT6227662817421,河北省 衡水市 阜城县,2.79,2022-1-2 10:55,TM-廊坊-菜鸟圆通
YT6227662817390,河北省 石家庄市 正定县,2.79,2022-1-2 10:55,TM-廊坊-菜鸟圆通
YT6227665082295,河北省 衡水市 桃城区,0.79,2022-1-2 10:55,TM-廊坊-菜鸟圆通
YT6227671208080,山西省 晋城市 阳城县,2.69,2022-1-2 10:55,TM-廊坊-菜鸟圆通
YT6227662817286,天津 天津市 滨海新区,2.29,2022-1-2 10:55,TM-廊坊-菜鸟圆通
YT6227662817175,河北省 承德市 隆化县,2.79,2022-1-2 10:55,TM-廊坊-菜鸟圆通
YT6227666644337,天津 天津市 津南区,0.79,2022-1-2 10:55,TM-廊坊-菜鸟圆通
YT6227666644254,河北省 沧州市 任丘市,0.79,2022-1-2 10:55,TM-廊坊-菜鸟圆通
YT6227665081216,河北省 邢台市 临城县,2.69,2022-1-2 10:55,TM-廊坊-菜鸟圆通
YT6227665081104,天津 天津市 滨海新区,2.69,2022-1-2 10:55,TM-廊坊-菜鸟圆通
YT6227666644122,河北省 石家庄市 新华区,0.79,2022-1-2 10:55,TM-廊坊-菜鸟圆通
YT6227666644061,山西省 运城市 垣曲县,0.79,2022-1-2 10:55,TM-廊坊-菜鸟圆通
YT6227667317567,北京 北京市 顺义区,2.79,2022-1-2 10:55,TM-廊坊-菜鸟圆通
YT6227667317422,河北省 保定市 高碑店市,4.3,2022-1-2 10:55,TM-廊坊-菜鸟圆通
YT6227667317300,山西省 太原市 万柏林区,2.79,2022-1-2 10:55,TM-廊坊-菜鸟圆通
YT6227665081016,河北省 衡水市 深州市,2.69,2022-1-2 10:55,TM-廊坊-菜鸟圆通
YT6227603759332,河北省 保定市 涿州市,3.39,2022-1-2 10:55,TM-廊坊-菜鸟圆通
YT9921391683283,北京 北京市 西城区,3.01,2022-1-2 10:56,DD-廊坊-多多圆通
YT9921391683466,山西省 阳泉市 矿区,3.01,2022-1-2 10:56,DD-廊坊-多多圆通
YT6227604312043,山西省 运城市 盐湖区,3.01,2022-1-2 10:55,TM-廊坊-菜鸟圆通
YT6227604311940,山西省 晋城市 泽州县,3.01,2022-1-2 10:55,TM-廊坊-菜鸟圆通
YT6227604311843,河北省 保定市 莲池区,3.01,2022-1-2 10:55,TM-廊坊-菜鸟圆通
YT6227605865870,北京 北京市 西城区,3.01,2022-1-2 10:55,TM-廊坊-菜鸟圆通
YT6227604123870,河北省 邢台市 南宫市,1.89,2022-1-2 10:55,TM-廊坊-菜鸟圆通
YT9921411310522,河北省 邢台市 清河县,2,2022-1-2 10:56,DD-廊坊-多多圆通
YT1413059236890,山西省 晋城市 城区,3.89,2022-1-2 10:57,DY-廊坊-抖音圆通
YT9921544314627,河北省 邯郸市 武安市,6.29,2022-1-2 10:56,DD-廊坊-多多圆通
YT9921544557668,河北省 邯郸市 武安市,6.29,2022-1-2 10:56,DD-廊坊-多多圆通
YT9922345507975,河北省 张家口市 涿鹿县,2.29,2022-1-1 11:41,DD-廊坊-多多圆通
YT9922345509611,河北省 张家口市 涿鹿县,4.49,2022-1-1 11:41,DD-廊坊-多多圆通
YT6225767607190,河北省 承德市 双桥区,3.79,2022-1-1 11:41,TM-廊坊-菜鸟圆通
YT6225763128639,河北省 邢台市 桥西区,3.89,2022-1-1 11:41,TM-廊坊-菜鸟圆通
YT6225763128539,天津 天津市 南开区,4.19,2022-1-1 11:41,TM-廊坊-菜鸟圆通
YT6225763128462,北京 北京市 朝阳区,3.79,2022-1-1 11:41,TM-廊坊-菜鸟圆通
YT6225764478673,河北省 秦皇岛市 山海关区,3.29,2022-1-1 11:41,TM-廊坊-菜鸟圆通
YT6225763128382,北京 北京市 丰台区,4.09,2022-1-1 11:41,TM-廊坊-菜鸟圆通
YT6225769657400,天津 天津市 宝坻区,2.69,2022-1-1 11:41,TM-廊坊-菜鸟圆通
YT6225759127528,山西省 晋中市 太谷区,2.69,2022-1-1 11:41,TM-廊坊-菜鸟圆通
YT6225759127453,河北省 保定市 顺平县,2.79,2022-1-1 11:41,TM-廊坊-菜鸟圆通
YT6225759127369,天津 天津市 北辰区,2.79,2022-1-1 11:41,TM-廊坊-菜鸟圆通
YT6225759127258,山西省 长治市 城区,2.79,2022-1-1 11:41,TM-廊坊-菜鸟圆通
YT6225759127128,河北省 廊坊市 香河县,2.79,2022-1-1 11:41,TM-廊坊-菜鸟圆通
YT6225759127051,河北省 邯郸市 涉县,2.79,2022-1-1 11:41,TM-廊坊-菜鸟圆通
YT6225759126916,河北省 保定市 高碑店市,2.79,2022-1-1 11:41,TM-廊坊-菜鸟圆通
YT6225759126850,河北省 石家庄市 深泽县,2.79,2022-1-1 11:41,TM-廊坊-菜鸟圆通
YT6225759126748,河北省 沧州市 泊头市,2.79,2022-1-1 11:41,TM-廊坊-菜鸟圆通
YT6225759126600,北京 北京市 通州区,4.3,2022-1-1 11:41,TM-廊坊-菜鸟圆通
YT6225758399057,河北省 张家口市 涿鹿县,4.3,2022-1-1 11:41,TM-廊坊-菜鸟圆通
YT1412637875139,河北省 邯郸市 魏县,3.29,2022-1-1 11:41,DY-廊坊-抖音圆通
YT6225568524431,河北省 保定市 蠡县,2.19,2022-1-1 11:41,TM-廊坊-菜鸟圆通
YT6225568524311,北京 北京市 朝阳区,1.29,2022-1-1 11:41,TM-廊坊-菜鸟圆通
YT6225575344892,河北省 邢台市 桥西区,1.29,2022-1-1 11:41,TM-廊坊-菜鸟圆通
YT6225575343633,河北省 石家庄市 赵县,1.59,2022-1-1 11:41,TM-廊坊-菜鸟圆通
YT6225568524284,河北省 衡水市 枣强县,3.01,2022-1-1 11:41,TM-廊坊-菜鸟圆通
YT6225575343541,北京 北京市 丰台区,1.59,2022-1-1 11:41,TM-廊坊-菜鸟圆通
YT9922611535493,天津 天津市 和平区,2.09,2022-1-1 11:41,DD-廊坊-多多圆通
YT9922536817182,河北省 邯郸市 肥乡区,3.19,2022-1-1 9:54,DD-廊坊-多多圆通
YT9922536824407,山西省 大同市 城区,3.29,2022-1-1 9:54,DD-廊坊-多多圆通
YT9922536822475,山西省 大同市 城区,3.29,2022-1-1 9:54,DD-廊坊-多多圆通
YT9922536813270,山西省 太原市 清徐县,3.29,2022-1-1 9:54,DD-廊坊-多多圆通
YT9922536574242,北京 北京市 海淀区,3.39,2022-1-1 9:54,DD-廊坊-多多圆通
YT9922536813733,天津 天津市 蓟州区,4.29,2022-1-1 9:54,DD-廊坊-多多圆通
YT9922536582114,山西省 大同市 城区,4.29,2022-1-1 9:54,DD-廊坊-多多圆通
YT9922536813586,天津 天津市 和平区,4.29,2022-1-1 11:41,DD-廊坊-多多圆通
YT9922536846741,河北省 廊坊市 固安县,4.39,2022-1-1 9:54,DD-廊坊-多多圆通
YT9922536846491,河北省 承德市 双桥区,4.49,2022-1-1 9:54,DD-廊坊-多多圆通
YT9922536853232,天津 天津市 滨海新区,4.3,2022-1-1 9:54,DD-廊坊-多多圆通
YT9922536862322,河北省 邯郸市 涉县,4.3,2022-1-1 9:54,DD-廊坊-多多圆通
YT9922536861690,河北省 唐山市 迁西县,4.3,2022-1-1 9:54,DD-廊坊-多多圆通
YT9922536829650,河北省 廊坊市 三河市,4.3,2022-1-1 9:54,DD-廊坊-多多圆通
YT9922536873097,河北省 保定市 容城县,4.3,2022-1-1 9:54,DD-廊坊-多多圆通
YT9922536859401,山西省 晋中市 榆次区,4.3,2022-1-1 9:54,DD-廊坊-多多圆通
YT6225437481910,山西省 忻州市 忻府区,3.01,2022-1-1 9:53,TM-廊坊-菜鸟圆通
YT9916350824914,吉林省 吉林市 船营区,6.09,2022-1-1 9:53,DD-廊坊-多多圆通
YT9916350848324,吉林省 吉林市 船营区,6.09,2022-1-1 9:53,DD-廊坊-多多圆通
YT9916350977751,河北省 保定市 安新县,6.09,2022-1-1 9:53,DD-廊坊-多多圆通
YT9916350981609,河北省 邢台市 襄都区,6.09,2022-1-1 9:53,DD-廊坊-多多圆通
YT9916350850886,河北省 保定市 安新县,6.09,2022-1-1 9:53,DD-廊坊-多多圆通
YT9916350859066,河北省 邢台市 襄都区,6.09,2022-1-1 9:53,DD-廊坊-多多圆通
YT6225382800802,山西省 吕梁市 交城县,0.89,2022-1-1 9:53,TM-廊坊-菜鸟圆通
YT9916866050044,山西省 晋中市 平遥县,3.49,2022-1-1 9:53,DD-廊坊-多多圆通
YT9916866049949,河北省 承德市 隆化县,4.3,2022-1-1 9:53,DD-廊坊-多多圆通
YT6224557818220,河北省 石家庄市 藁城区,3.79,2022-1-1 9:53,TM-廊坊-菜鸟圆通
YT6224557818199,河北省 保定市 定州市,3.09,2022-1-1 9:53,TM-廊坊-菜鸟圆通
YT6224557818068,河北省 保定市 清苑区,3.99,2022-1-1 9:53,TM-廊坊-菜鸟圆通
YT6224557817908,河北省 保定市 莲池区,4.09,2022-1-1 9:53,TM-廊坊-菜鸟圆通
YT6224557817808,北京 北京市 朝阳区,3.49,2022-1-1 9:53,TM-廊坊-菜鸟圆通
YT6224557817791,山西省 晋城市 城区,4.29,2022-1-1 9:53,TM-廊坊-菜鸟圆通
YT6224557817635,山西省 晋中市 榆次区,4.44,2022-1-1 9:53,TM-廊坊-菜鸟圆通
YT6224557817586,河北省 邢台市 平乡县,3.29,2022-1-1 9:53,TM-廊坊-菜鸟圆通
YT6224557817400,北京 北京市 朝阳区,4.29,2022-1-1 9:53,TM-廊坊-菜鸟圆通
YT6224559290935,山西省 运城市 盐湖区,3.49,2022-1-1 9:53,TM-廊坊-菜鸟圆通
YT6224559290800,河北省 沧州市 孟村回族自治县,3.49,2022-1-1 9:53,TM-廊坊-菜鸟圆通
YT6224557817311,北京 北京市 朝阳区,3.49,2022-1-1 9:53,TM-廊坊-菜鸟圆通
YT6224556850740,北京 北京市 延庆区,2.79,2022-1-1 9:53,TM-廊坊-菜鸟圆通
YT6224556850646,河北省 承德市 双桥区,3.49,2022-1-1 9:53,TM-廊坊-菜鸟圆通
YT6224556853040,河北省 保定市 定州市,2.69,2022-1-1 9:53,TM-廊坊-菜鸟圆通
YT6224556850540,天津 天津市 河西区,3.49,2022-1-1 9:53,TM-廊坊-菜鸟圆通
YT6224556850466,山西省 运城市 盐湖区,3.49,2022-1-1 9:53,TM-廊坊-菜鸟圆通
YT6224556852991,河北省 张家口市 宣化区,2.69,2022-1-1 9:53,TM-廊坊-菜鸟圆通
YT6224556850100,河北省 承德市 丰宁满族自治县,3.49,2022-1-1 9:53,TM-廊坊-菜鸟圆通
YT6224497490055,山西省 太原市 杏花岭区,3.08,2022-1-1 9:53,TM-廊坊-菜鸟圆通
YT6224497489918,河北省 石家庄市 元氏县,3.01,2022-1-1 9:53,TM-廊坊-菜鸟圆通
YT6224497489866,天津 天津市 津南区,4.49,2022-1-1 9:53,TM-廊坊-菜鸟圆通
YT9916779400534,河北省 石家庄市 桥西区,6.09,2022-1-1 9:53,DD-廊坊-多多圆通
YT9916779541349,河北省 石家庄市 桥西区,6.09,2022-1-1 9:53,DD-廊坊-多多圆通
YT1412342204282,河北省 邢台市 隆尧县,3.29,2022-1-1 9:53,DY-廊坊-抖音圆通
YT6222698011682,河北省 唐山市 迁安市,3.89,2021-12-31 8:16,TM-廊坊-菜鸟圆通
YT6222670874857,河北省 承德市 隆化县,3.89,2021-12-31 8:08,TM-廊坊-菜鸟圆通
YT6222678484827,河北省 邢台市 南宫市,3.89,2021-12-31 8:08,TM-廊坊-菜鸟圆通
YT6222665595904,河北省 保定市 满城区,3.89,2021-12-31 7:52,TM-廊坊-菜鸟圆通
